movieId,title,genres
356,Forrest Gump (1994),Comedy|Drama|Romance|War
318,"Shawshank Redemption, The (1994)",Crime|Drama
296,Pulp Fiction (1994),Comedy|Crime|Drama|Thriller
2571,"Matrix, The (1999)",Action|Sci-Fi|Thriller
593,"Silence of the Lambs, The (1991)",Crime|Horror|Thriller
260,Star Wars: Episode IV - A New Hope (1977),Action|Adventure|Sci-Fi
110,Braveheart (1995),Action|Drama|War
480,Jurassic Park (1993),Action|Adventure|Sci-Fi|Thriller
589,Terminator 2: Judgment Day (1991),Action|Sci-Fi
2959,Fight Club (1999),Action|Crime|Drama|Thriller
