query,rank,movieId,title,genres,content_score
Toy Story (1995),1,103755,Turbo (2013),Adventure|Animation|Children|Comedy|Fantasy,1.0
Toy Story (1995),2,4016,"Emperor's New Groove, The (2000)",Adventure|Animation|Children|Comedy|Fantasy,1.0
Toy Story (1995),3,3754,"Adventures of Rocky and Bullwinkle, The (2000)",Adventure|Animation|Children|Comedy|Fantasy,1.0
Toy Story (1995),4,3114,Toy Story 2 (1999),Adventure|Animation|Children|Comedy|Fantasy,1.0
Toy Story (1995),5,91355,Asterix and the Vikings (Astérix et les Vikings) (2006),Adventure|Animation|Children|Comedy|Fantasy,1.0
Toy Story (1995),6,2294,Antz (1998),Adventure|Animation|Children|Comedy|Fantasy,1.0
Toy Story (1995),7,45074,"Wild, The (2006)",Adventure|Animation|Children|Comedy|Fantasy,1.0
Toy Story (1995),8,53121,Shrek the Third (2007),Adventure|Animation|Children|Comedy|Fantasy,1.0
Toy Story (1995),9,136016,The Good Dinosaur (2015),Adventure|Animation|Children|Comedy|Fantasy,1.0
Toy Story (1995),10,4886,"Monsters, Inc. (2001)",Adventure|Animation|Children|Comedy|Fantasy,1.0
"Shawshank Redemption, The (1994)",1,8656,"Short Film About Killing, A (Krótki film o zabijaniu) (1988)",Crime|Drama,1.0
"Shawshank Redemption, The (1994)",2,63768,Tattooed Life (Irezumi ichidai) (1965),Crime|Drama,1.0
"Shawshank Redemption, The (1994)",3,62250,Gomorrah (Gomorra) (2008),Crime|Drama,1.0
"Shawshank Redemption, The (1994)",4,161127,The Infiltrator (2016),Crime|Drama,1.0
"Shawshank Redemption, The (1994)",5,60753,Felon (2008),Crime|Drama,1.0
"Shawshank Redemption, The (1994)",6,1466,Donnie Brasco (1997),Crime|Drama,1.0
"Shawshank Redemption, The (1994)",7,45210,United 93 (2006),Crime|Drama,1.0
"Shawshank Redemption, The (1994)",8,43912,Freedomland (2006),Crime|Drama,1.0
"Shawshank Redemption, The (1994)",9,44301,Lights in the Dusk (Laitakaupungin valot) (2006),Crime|Drama,1.0
"Shawshank Redemption, The (1994)",10,1227,Once Upon a Time in America (1984),Crime|Drama,1.0
"Shining, The (1980)",1,3919,Hellraiser III: Hell on Earth (1992),Horror,1.0
"Shining, The (1980)",2,152372,Southbound (2016),Horror,1.0
"Shining, The (1980)",3,42723,Hostel (2005),Horror,1.0
"Shining, The (1980)",4,152173,Michael Jackson's Thriller (1983),Horror,1.0
"Shining, The (1980)",5,7650,"Witchfinder General (Conquerer Worm, The) (1968)",Horror,1.0
"Shining, The (1980)",6,54785,Halloween (2007),Horror,1.0
"Shining, The (1980)",7,95633,Spirit Camp (2009),Horror,1.0
"Shining, The (1980)",8,77427,"Human Centipede, The (First Sequence) (2009)",Horror,1.0
"Shining, The (1980)",9,4715,"Awakening, The (1980)",Horror,1.0
"Shining, The (1980)",10,55492,"Last Winter, The (2006)",Horror,1.0
