movieId,title,count,mean,weighted_score
318,"Shawshank Redemption, The (1994)",317,4.429022082018927,4.3951935677915
858,"Godfather, The (1972)",192,4.2890625,4.242738646095115
2959,Fight Club (1999),218,4.272935779816514,4.232689929580015
260,Star Wars: Episode IV - A New Hope (1977),251,4.231075697211155,4.197789672256287
50,"Usual Suspects, The (1995)",204,4.237745098039215,4.19684575834909
1221,"Godfather: Part II, The (1974)",129,4.25968992248062,4.195167970236904
527,Schindler's List (1993),220,4.225,4.1875805336353595
1213,Goodfellas (1990),126,4.25,4.184917998575387
750,Dr. Strangelove or: How I Learned to Stop Worrying and Love the Bomb (1964),97,4.268041237113402,4.18365764957251
58559,"Dark Knight, The (2008)",149,4.238255033557047,4.183345862132941
