model,factors,alpha,hit_rate_at_10,precision_at_10,catalog_coverage
collaborative,10,0.75,0.039182282793867124,0.003918228279386712,0.053637082087757276
collaborative,20,0.25,0.03520726859738785,0.0035207268597387854,0.0700958664055252
collaborative,20,0.75,0.03520726859738785,0.0035207268597387854,0.0700958664055252
collaborative,40,0.75,0.03634298693923907,0.003634298693923907,0.09755008074768924
content,10,0.75,0.0017035775127768316,0.0001703577512776831,0.07793011029790743
content,20,0.25,0.0017035775127768316,0.0001703577512776831,0.07793011029790743
content,20,0.75,0.0017035775127768316,0.0001703577512776831,0.07793011029790743
content,40,0.75,0.0017035775127768316,0.0001703577512776831,0.07793011029790743
hybrid,10,0.75,0.04031800113571834,0.004031800113571834,0.055698725217331546
hybrid,20,0.25,0.026689381033503694,0.002668938103350369,0.10146720269388036
hybrid,20,0.75,0.03520726859738785,0.0035207268597387854,0.07232931312923066
hybrid,40,0.75,0.03861442362294151,0.0038614423622941514,0.0974126378723843
popularity,10,0.75,0.04258943781942078,0.004258943781942078,0.012163694464488195
popularity,20,0.25,0.04258943781942078,0.004258943781942078,0.012163694464488195
popularity,20,0.75,0.04258943781942078,0.004258943781942078,0.012163694464488195
popularity,40,0.75,0.04258943781942078,0.004258943781942078,0.012163694464488195
